	Unnamed: 0	gene	REF	ALT	FREQ	SNP	% of population
9	9	ORF1b	T	G	0.031400000000000004	ORF1b_T1686G_syn	3.140000000000001
10	10	ORF1b	C	T	0.0287	ORF1b_C1690T_syn	2.87
