	Unnamed: 0	gene	REF	ALT	FREQ	SNP	% of population
0	0	ORF1a	A	G	0.0385	ORF1a_A971G_D324G	3.85
1	1	ORF1a	G	T	0.0309	ORF1a_G2656T_V886L	3.09
2	2	ORF1a	A	G	0.0127	ORF1a_A2921G_E974G	1.27
3	3	ORF1a	T	C	0.0332	ORF1a_T3353C_V1118A	3.32
4	4	ORF1a	G	T	0.06860000000000001	ORF1a_G6762T_M2254I	6.860000000000001
5	5	ORF1a	C	G	0.12710000000000002	ORF1a_C8089G_R2697G	12.710000000000004
6	6	ORF1a	C	T	0.0306	ORF1a_C8657T_P2886L	3.06
8	8	ORF1a	C	G	0.0142	ORF1a_C11984G_A3995G	1.4200000000000002
