	Unnamed: 0	gene	REF	ALT	FREQ	SNP	% of population
11	11	ORF1b	G	A	0.0606	ORF1b_G2810A_W937*	6.0600000000000005
12	12	ORF1b	C	A	0.0606	ORF1b_C2813A_T938K	6.0600000000000005
13	13	ORF1b	G	T	0.0974	ORF1b_G7183T_D2395Y	9.74
