	gene	POS	REF	ALT	FREQ	SNP	% of population
0	ORF1a	3353	T	C	0.0352	ORF1a_T3353C_V1118A	3.52
1	ORF1a	3356	G	A	0.011200000000000002	ORF1a_G3356A_G1119D	1.12
2	ORF1a	5750	A	G	0.0138	ORF1a_A5750G_N1917S	1.38
3	ORF1a	5753	A	G	0.011	ORF1a_A5753G_Q1918R	1.0999999999999999
4	ORF1a	7121	T	C	0.0163	ORF1a_T7121C_M2374T	1.63
5	ORF1a	7123	G	A	0.0177	ORF1a_G7123A_A2375T	1.77
6	ORF1a	7323	T	A	0.0134	ORF1a_T7323A_syn	1.34
7	ORF1a	7324	A	T	0.0141	ORF1a_A7324T_K2442*	1.41
8	ORF1a	7652	A	T	0.0113	ORF1a_A7652T_E2551V	1.13
9	ORF1a	10312	A	G	0.0108	ORF1a_A10312G_T3438A	1.08
10	ORF1a	11070	G	T	0.2021	ORF1a_G11070T_syn	20.21
11	ORF1b	1420	A	G	0.0149	ORF1b_A1420G_R474G	1.49
12	ORF1b	2191	G	A	0.016200000000000003	ORF1b_G2191A_A731T	1.6200000000000003
13	S	424	G	A	0.0274	S_G424A_G142S	2.74
14	ORF3a	174	C	T	0.0165	ORF3a_C174T_syn	1.6500000000000001
15	E	31	A	G	0.013500000000000002	E_A31G_T11A	1.35
16	ORF7a	127	A	G	0.0124	ORF7a_A127G_N43D	1.24
17	ORF7a	129	T	C	0.0371	ORF7a_T129C_syn	3.71
