	Unnamed: 0	gene	REF	ALT	FREQ	SNP	% of population
0	0	ORF1a	A	C	0.0139	ORF1a_A1181C_K394T	1.39
1	1	ORF1a	T	C	0.0217	ORF1a_T3353C_V1118A	2.17
2	2	ORF1a	G	A	0.0101	ORF1a_G3356A_G1119D	1.01
3	3	ORF1a	G	A	0.0119	ORF1a_G3802A_A1268T	1.1900000000000002
5	5	ORF1a	C	T	0.0476	ORF1a_C6548T_T2183I	4.760000000000002
6	6	ORF1a	T	C	0.0136	ORF1a_T7121C_M2374T	1.36
7	7	ORF1a	G	A	0.0191	ORF1a_G7123A_A2375T	1.91
8	8	ORF1a	T	C	0.0111	ORF1a_T9295C_S3099P	1.11
10	10	ORF1a	C	T	0.0156	ORF1a_C12905T_T4302I	1.5599999999999998
