	Unnamed: 0	gene	REF	ALT	FREQ	SNP	% of population
11	11	ORF1b	A	G	0.0149	ORF1b_A1420G_R474G	1.49
12	12	ORF1b	G	A	0.016200000000000003	ORF1b_G2191A_A731T	1.6200000000000003
