	Unnamed: 0	gene	REF	ALT	FREQ	SNP	% of population
0	0	ORF1a	T	C	0.0352	ORF1a_T3353C_V1118A	3.52
1	1	ORF1a	G	A	0.011200000000000002	ORF1a_G3356A_G1119D	1.12
2	2	ORF1a	A	G	0.0138	ORF1a_A5750G_N1917S	1.38
3	3	ORF1a	A	G	0.011000000000000001	ORF1a_A5753G_Q1918R	1.1
4	4	ORF1a	T	C	0.0163	ORF1a_T7121C_M2374T	1.63
5	5	ORF1a	G	A	0.0177	ORF1a_G7123A_A2375T	1.77
7	7	ORF1a	A	T	0.0141	ORF1a_A7324T_K2442*	1.41
8	8	ORF1a	A	T	0.0113	ORF1a_A7652T_E2551V	1.13
9	9	ORF1a	A	G	0.0108	ORF1a_A10312G_T3438A	1.08
